{
  "name": "angular-resource",
  "version": "1.2.26",
  "main": "./angular-resource.js",
  "dependencies": {
    "angular": "1.2.26"
  },
  "homepage": "https://github.com/angular/bower-angular-resource",
  "_release": "1.2.26",
  "_resolution": {
    "type": "version",
    "tag": "v1.2.26",
    "commit": "13ed10b7200a0f301edb5755c2d392104d41561a"
  },
  "_source": "git://github.com/angular/bower-angular-resource.git",
  "_target": "~1.2.26",
  "_originalSource": "angular-resource"
}