[
  { "category" :  "Computers",
    "featured" : true,
    "imageUrl" : "MacBook_Air_13-inch_35330106_01_620x433.jpg",
    "price" : 890,
    "description" : "Selling my old mac...",
    "published" : "2014-08-29T00:00:00.000Z",
    "title" : "MacBook Air 13\""
  },
  { "category" :  "Sports",
    "featured" : false,
    "imageUrl" : "s1600_92037130_1261063239.jpg",
    "price" : 150,
    "description" : "Check this bike!",
    "published" : "2014-08-28T00:00:00.000Z",
    "title" : "BMX Bycicle"
  },
  { "category" :  "Car-parts",
    "featured" : false,
    "imageUrl" : "$_20.JPG",
    "price" : 180,
    "description" : "A little wear and tear...",
    "published" : "2014-08-27T00:00:00.000Z",
    "title" : "Winter tyres"
  },
  { "category" :  "Watches",
    "featured" : false,
    "imageUrl" : "SNL001P-3.jpg",
    "price" : 400,
    "description" : "A real luxury item, well preserved.",
    "published" : "2014-08-26T00:00:00.000Z",
    "title" : "Seiko Kinnetic 2K"
  },
  { "category" :  "Furniture",
    "featured" : false,
    "imageUrl" : "Spherical-Luxury-Lamp001.jpg",
    "price" : 75,
    "description" : "You can't find this piece of art any where.",
    "published" : "2014-08-25T00:00:00.000Z",
    "title" : "Luxury Lamp"
  },
  { "category" :  "Baby-gear",
    "featured" : true,
    "imageUrl" : "4moms-Origami-Stroller.jpg",
    "price" : 380,
    "description" : "Used for two of my babies.",
    "published" : "2014-08-16T00:00:00.000Z",
    "title" : "Baby stroller"
  },
  { "category" :  "Phones",
    "featured" : true,
    "imageUrl" : "iPhone-5-White-Design.jpg",
    "price" : 300,
    "description" : "I am buying the new iPhone 6, so selling this one.",
    "published" : "2014-08-23T00:00:00.000Z",
    "title" : "iPhone 5S like new"
  },
  { "category" :  "Art",
    "featured" : true,
    "imageUrl" : "monet001.jpg",
    "price" : 500,
    "description" : "I bought this from an online auction for $1000.",
    "published" : "2014-08-24T00:00:00.000Z",
    "title" : "Monet reproduction"
  },
  { "category" :  "Books",
    "featured" : true,
    "imageUrl" : "britannica001.jpg",
    "price" : 30,
    "description" : "A rare collection, got it from the UK.",
    "published" : "2014-08-22T00:00:00.000Z",
    "title" : "Encyclopedia Britannica"
  },
  { "category" :  "Cameras",
    "featured" : true,
    "imageUrl" : "canon600D_001.jpg",
    "price" : 500,
    "description" : "I wanted to shoot movies with this one, but the lenses are expensive :(",
    "published" : "2014-08-21T00:00:00.000Z",
    "title" : "Canon 600D"
  },
  { "category" :  "Music",
    "featured" : true,
    "imageUrl" : "mixtape001.jpg",   
    "price" : 50,
    "description" : "If you've watched the movie, you will know what this is ;)",
    "published" : "2014-08-20T00:00:00.000Z",
    "title" : "Awesome Mix Tape"
  },
  { "category" :  "Clothing",
    "featured" : true,
    "price" : 200,
    "imageUrl" : "top-gun-jacket-001.jpg",
    "description" : "For real movie fans, Tom Cruise weared this!",
    "published" : "2014-08-20T00:00:00.000Z",
    "title" : "Top Gun Jacket"
  },
  { "category" :  "Toys",
    "featured" : false,
    "imageUrl" : "woody-toy-box.jpg",
    "price" : 20,
    "description" : "OK, this is Woodie action figure, wel preserved.",
    "published" : "2014-08-19T00:00:00.000Z",
    "title" : "Woody"
  },
  { "category" :  "Computers",
    "featured" : true,
    "imageUrl" : "sony-pro-5.jpg",   
    "price" : 1430,
    "description" : "I got a new MacBook Air, so I don't need this.",
    "published" : "2014-08-18T00:00:00.000Z",
    "title" : "Sony Vaio"
  },
  { "category" :  "Misc",
    "featured" : true,
    "imageUrl" : "Wilson-nSix-One-Tour-90.jpg",  
    "price" : 90,
    "description" : "I got this as a present, but I use Babolat.",
    "published" : "2014-08-17T00:00:00.000Z",
    "title" : "Wilson nSix 90"
  }
]
