[
  { "city" : "Sofia",
    "firstName" : "admin",
    "lastName" : "admin",
    "roles" : [ "admin" ],
    "username" : "admin",
	"imageUrl" : "default-avatar.jpg"
  },
  { "city" : "Sofia",
    "firstName" : "Ivaylo",
    "lastName" : "Kenov",
    "roles" : [ "admin" ],
    "username" : "ivaylo.kenov",
	"imageUrl" : "default-avatar.jpg"
  },
  { "city" : "Sofia",
    "firstName" : "Nikolay",
    "lastName" : "Kostov",
    "roles" : [ "admin" ],
    "username" : "Nikolay.IT",
	"imageUrl" : "default-avatar.jpg"
  },
  { "city" : "Sofia",
    "firstName" : "Doncho",
    "lastName" : "Minkov",
    "roles" : [ "admin" ],
    "username" : "Doncho",
	"imageUrl" : "default-avatar.jpg"
  },
  { "city" : "Sofia",
    "firstName" : "Ivan",
    "lastName" : "Ivanov",
    "phone" : "0885-123-456",
    "username" : "user001",
	"imageUrl" : "default-avatar.jpg"
  },
  { "city" : "Plovdiv",
    "firstName" : "Petar",
    "lastName" : "Petrov",
    "phone" : "0886-123-456",
    "username" : "user002",
	"imageUrl" : "default-avatar.jpg"
  },
  { "city" : "Varna",
    "firstName" : "Georgi",
    "lastName" : "Georgiev",
    "phone" : "0887-123-456",
    "username" : "user003",
	"imageUrl" : "default-avatar.jpg"
  },
  { "city" : "Sofia",
    "firstName" : "Stefan",
    "lastName" : "Stefanov",
    "phone" : "0888-123-456",
    "username" : "user004",
	"imageUrl" : "default-avatar.jpg"
  },
  { "city" : "Sofia",
    "firstName" : "Martin",
    "lastName" : "Martinov",
    "phone" : "0889-123-456",
    "username" : "user005",
	"imageUrl" : "default-avatar.jpg"
  }
]