{"id":"9a7a6516-9268-6d97-9009-30f736c00c67","name":"NodeJS-temwork","timestamp":1412674341773,"requests":[{"collectionId":"9a7a6516-9268-6d97-9009-30f736c00c67","id":"0afbe979-08e8-f901-a2dc-fec976916afb","name":"message","description":"","url":"http://localhost:3030/api/messages/inbox","method":"GET","headers":"","data":[{"key":"username","value":"user002","type":"text"},{"key":"password","value":"user002","type":"text"}],"dataMode":"urlencoded","timestamp":0,"version":2,"time":1412853839739},{"collectionId":"9a7a6516-9268-6d97-9009-30f736c00c67","id":"16a871da-9feb-e4c9-9bbf-3c2955f6dcfc","name":"sent","description":"","url":"http://localhost:3030/api/messages/sent","method":"GET","headers":"","data":[{"key":"username","value":"admin","type":"text"},{"key":"password","value":"admin","type":"text"}],"dataMode":"urlencoded","timestamp":0,"responses":[],"version":2},{"collectionId":"9a7a6516-9268-6d97-9009-30f736c00c67","id":"282022fe-bf6e-146f-bc6f-34c1b8ab7480","name":"items","description":"","url":"http://localhost:3030/api/items","method":"GET","headers":"","data":[{"key":"username","value":"admin","type":"text"},{"key":"password","value":"admin","type":"text"}],"dataMode":"urlencoded","timestamp":0,"responses":[],"version":2},{"collectionId":"9a7a6516-9268-6d97-9009-30f736c00c67","id":"3a0b2989-cc18-08ac-3614-0bff53b35f2b","name":"logout","description":"","url":"http://localhost:3030/logout","method":"POST","headers":"","data":[{"key":"username","value":"admin","type":"text"},{"key":"password","value":"admin","type":"text"}],"dataMode":"urlencoded","timestamp":0,"responses":[],"version":2},{"collectionId":"9a7a6516-9268-6d97-9009-30f736c00c67","id":"438f5c2a-a4c0-c672-fd21-47d591495fb0","name":"items","description":"","url":"http://localhost:3030/api/items/9856946593645093640934659","method":"DELETE","headers":"","data":[],"dataMode":"urlencoded","timestamp":0,"version":2},{"collectionId":"9a7a6516-9268-6d97-9009-30f736c00c67","id":"4c916d5c-0935-4e93-8d44-78ac948f14d4","name":"message","description":"","url":"http://localhost:3030/api/messages/send/user001","method":"POST","headers":"","data":[{"key":"content","value":"hello from to admin","type":"text"},{"key":"title","value":"hello","type":"text"}],"dataMode":"urlencoded","timestamp":0,"version":2,"time":1412863894918},{"collectionId":"9a7a6516-9268-6d97-9009-30f736c00c67","id":"534b5fe0-8b19-be34-a47c-ec04b7605d2e","name":"login","description":"","url":"http://localhost:3030/login","method":"POST","headers":"","data":[{"key":"username","value":"admin","type":"text"},{"key":"password","value":"admin","type":"text"}],"dataMode":"urlencoded","timestamp":0,"version":2,"time":1412861613975},{"collectionId":"9a7a6516-9268-6d97-9009-30f736c00c67","id":"64befc31-41a7-7798-8ae6-8c7e547870a4","name":"messageById","description":"","url":"http://localhost:3030/api/messages/543695b55f84e7840c1fcc0d","method":"GET","headers":"","data":[{"key":"username","value":"admin","type":"text"},{"key":"password","value":"admin","type":"text"}],"dataMode":"urlencoded","timestamp":0,"version":2,"time":1412863582628},{"collectionId":"9a7a6516-9268-6d97-9009-30f736c00c67","id":"7c6b176f-ccc0-db48-475e-59c2e4687c6e","name":"inbox","description":"","url":"http://localhost:3030/api/messages/inbox","method":"GET","headers":"","data":[{"key":"username","value":"admin","type":"text"},{"key":"password","value":"admin","type":"text"}],"dataMode":"urlencoded","timestamp":0,"responses":[],"version":2}]}